{"cameraMode":{"drawMode":0,"name":"Shaded","section":"Shading Mode"},"sceneLighting":true,"audioPlay":false,"sceneViewState":{"m_AlwaysRefresh":false,"showFog":true,"showSkybox":true,"showFlares":true,"showImageEffects":true,"showParticleSystems":true,"showVisualEffectGraphs":true,"m_FxEnabled":true},"in2DMode":false,"pivot":{"x":119.70237731933594,"y":312.7073974609375,"z":-520.6708984375},"rotation":{"x":0.060258589684963229,"y":-0.010469237342476845,"z":0.0008710794500075281,"w":0.9980329275131226},"size":5.460998058319092,"orthographic":false}